{"root":[{"assemblyName":"ParadoxNotion","nameSpace":"ParadoxNotion.Services","className":"MonoManager","methodName":"Purge","loadTypes":4,"isUnityClass":false},{"assemblyName":"ParadoxNotion","nameSpace":"ParadoxNotion.Serialization","className":"JSONSerializer","methodName":"__FlushDataCache","loadTypes":4,"isUnityClass":false},{"assemblyName":"Unity.VisualScripting.Core","nameSpace":"Unity.VisualScripting","className":"RuntimeVSUsageUtility","methodName":"RuntimeInitializeOnLoadBeforeSceneLoad","loadTypes":1,"isUnityClass":true}]}
